Molecule,Target
10005,0
10008,0
10009,0
10021362,1
10024,0
10026,0
10041070,1
10044526,0
1004,0
100524,1
10068207,1
101010,0
101012,0
10107,1
101082,0
10113978,1
10114,0
10127622,1
10129,0
10131132,0
10132209,0
10133,1
10134976,1
10140,0
101526,0
10154203,0
101560,1
10158453,1
10159191,1
10160166,1
10176127,0
1017,0
10187,0
1018,0
101905,1
101925,0
101940,0
10194,0
10197675,0
10201497,1
10206,1
10208,0
10209,1
10212,1
10215,0
10219,0
102232,1
10226,1
102293,0
10229,1
10230,1
10233356,1
10234,1
10239,1
10241,1
102426,0
102428,0
102484,0
10255083,1
10255,0
10257,1
102678,1
102681,0
10269,1
102710,0
102724,1
10275,0
102821,0
10285,0
102861,1
10287749,0
10288,1
103005,1
10303,1
10308,1
1030,0
10313079,0
10315,0
1031,0
10326,0
10329304,0
1032,0
10330781,0
10332,1
10342051,1
10345790,1
10346,1
10353,0
10357917,0
10364,1
10367,0
10377,1
10382,1
10387,0
10391,0
10401,0
10402,1
10403199,1
10404,1
10406,0
10407399,1
10409,0
10411334,1
104143,1
104150,0
10423,0
10430,0
10438,0
10439,0
10442,0
10452,0
104556,0
10455790,1
10457,0
104609,1
104610,1
104635,1
10465,0
104677,1
1046,0
10473,0
104741,1
10474,1
104762,0
104769,0
10476,0
104827,1
104838,0
104845,1
104850,1
104856,0
10486,0
104920,1
104926,1
1049,0
105010,1
10509,1
1050,0
105104,0
10522,1
10531,1
10541,1
10541,0
1054,0
10555,0
10560335,0
10560,0
10567,0
10568,1
10601,0
10607,1
1060,0
10624,0
10634,0
10635,1
10636633,0
10638,0
106428,0
10648,0
10664,0
1066,0
106701,0
106705,0
106729,0
10680,1
10685477,1
10686,0
10687,0
10693,0
10695,0
10698,1
10704,0
10707,1
107080,1
10708,0
107202,0
107217,0
10721,0
10722,0
10723,0
10724,0
107282,0
107377,1
10754,1
10757,1
10757,0
10758,0
10762,0
10766,0
10771,1
107720,1
107807,0
10783,0
107867,0
107882,1
10788,1
10789,0
107921,0
107926,1
107930,0
10793,0
10795,0
10797,0
107999,0
107,0
10800,1
108092,0
1080,0
108173,0
108242,0
10830,1
108312,1
10832,0
108381,0
10839,0
10843,0
10850,0
10857465,0
10866,1
108675,0
10867,1
10868,0
10870,0
10883,0
10886,0
10887985,0
10890,0
10891,1
108938,1
10894,1
108956,1
10898,0
10900,0
109029,0
10907,1
10908,0
109094,0
10913,0
10914,0
1091,1
10921,0
10928,0
10931,0
10935,0
10937610,1
10941,1
10943,0
10944,0
10949,0
10958189,1
10958,0
10963,0
10967,0
10969,0
10976,0
10982,0
10989,0
10996,0
11002,1
11005,0
11006,1
11007,0
11009532,0
11011,0
11033,0
11040,0
11048104,1
11048796,1
11048,1
11057,1
11061,1
11065,0
11074101,1
11074431,0
11074,1
11075478,0
11080,1
110862,0
11086,0
11087,0
11088,1
11089,0
11091168,1
11093,0
11097730,1
11102,1
111032,0
111037,1
11104,0
11107,1
1110,0
11123,0
11124,0
11127402,1
111318,1
11137,0
11138,0
11140605,1
11150163,0
11159021,0
11159638,0
11164,0
11167,0
11169,0
11171745,0
11171853,0
11180,0
11181836,1
11193251,1
112039,1
11210,0
11212667,1
11219835,1
11224,0
112264,0
11229,0
11230,0
112322,0
11232,1
1123,1
1123,0
112412,0
11241,0
11243457,0
11243969,0
11245,0
11247,0
11251,0
11254899,0
11258643,1
11262,0
11271,0
1127,0
11285653,1
11288,0
11289,1
11292,1
11294,1
11296583,1
11302979,1
11304,0
11313,1
11317,1
11321106,0
11328,0
11333,0
11334,0
1133,0
11344909,0
11345,1
11346,0
11350,1
11355992,0
11356,0
1135,0
113646,1
11366,1
11368,1
11369,1
1136,0
11375816,1
11387,0
11391,0
1140,0
114129,1
11424151,0
11424880,0
11429,0
11432,1
11437710,1
11439,0
11442,1
11443,1
11448496,0
11459786,0
11461044,0
11463,1
114644,1
1146,0
11472813,1
11474,0
11477651,1
114809,0
11485,0
11487,1
11488,1
1148,1
11492381,0
11492406,0
11499271,0
114994,1
11499,0
11505,0
11507,0
115089,1
11509,0
115157,1
115227,0
115268,0
11529,0
115366,1
115367,0
11545,0
11548,0
11556911,1
11559,0
11560,1
11565,0
11568,1
11569,0
11579,0
11584,1
11595,0
11597,0
11598,0
11604,0
11614934,1
11622,0
11626384,0
11636816,0
11647992,0
116529,0
11658860,0
11659,0
11660,0
11666,1
11671,0
11674455,0
11674,0
116814,1
11683,1
11684,0
11689,1
11693,0
11696,0
11700495,1
11701,0
11705034,0
11722,0
11723708,1
117291,0
117295,0
11729,1
11731903,1
11734,0
11742,1
11748,0
1174,0
11750474,1
11750,0
11761,1
11764,0
11767,1
11769095,0
11769,0
1176,0
117734,0
117746,1
11774,1
11776,1
11777,1
11783,0
11784975,1
117915,0
117965,0
11796,1
11799,1
118031,0
11803,1
11807,0
11808,0
11813,0
11818,0
118193,0
118264,1
11826859,1
118285,0
11830,0
11832800,0
118379,1
118390,0
1183,0
11850,0
11852,1
11855,0
118574,0
11858,0
11859,0
11860,1
11862,1
11867,0
11868,0
118703,1
11872,1
11875,0
11876,0
118771,0
11883,0
11895,0
11899,0
11903,0
11906,0
11907,0
11909,0
11910,0
11914,0
119175,1
119182,0
119193,1
11919,0
11921,0
11927,0
11933,1
119361,1
11937,1
119435,0
119442,0
11945,0
119525,0
11953895,0
11954316,0
11954,0
11955,1
119570,0
11957593,0
11957635,0
11957725,0
11957,0
119607,1
11966,0
11969781,1
119716,0
11972,0
11983,1
11987,0
119921,0
11995188,0
11,0
12001,0
12002,0
120070,0
120081,0
12008,0
120101,0
1201518,0
12017,0
120203,0
12021,0
12025,0
12035,0
12036651,0
12038941,0
12040508,1
12040509,1
12046,0
12051,0
12056760,1
12059921,0
12059922,0
12059,0
12069,0
12076,0
12077313,0
12078,0
12083,0
12087,0
12088,0
12089,1
12095229,0
12100,0
12101,0
121035,1
12103,0
12104,0
121097,0
12111,0
12120,1
12124,0
12127,0
12130,0
121396,0
12146,0
12148,0
12160,0
12161,0
121639,1
12163,0
12170,0
121752,0
12177,0
12180,0
12184591,1
12195864,0
12198,0
122073,1
122087,1
12209,0
122125,1
122188,0
12228,0
12248306,0
122499,0
12251,0
12252,0
12257,0
12259683,0
122600,0
122612,0
12262,0
12266,0
12276,0
12279,0
12281,0
12283,0
12287,0
12290,0
12296,0
123015,1
12301,0
12302,0
12303038,0
12303039,0
12305037,0
12309460,1
123114,0
12313,0
12328,0
12329,0
12332,0
12338093,0
12342,0
12344,0
123458,0
12348,1
123504,1
12355,0
123596,0
123606,0
123608,0
123619,1
123631,0
12364,0
12366,0
123698,0
12372,0
12374,1
12375,0
12377,0
123879,1
12388,0
12389,0
12391,0
123924,0
12394,0
12395,0
12397,1
12398,0
12418,0
12433,0
12443,0
12456,0
12463,0
12468,0
12471,0
12472902,0
12478,0
12484,1
124886,0
125098,1
12512,0
12521030,0
12525,0
12527,0
12530,0
12532,0
12540,1
12542,0
1254,0
125564,0
12560,0
12561739,0
12566,0
12572,0
12573,0
12574,0
12576,0
12582,1
12589,0
12597,0
12598086,0
12613,0
12629,0
12635,1
12679,0
1268142,1
12681,0
12682,0
12688,1
126941,0
12694,0
1269845,1
1269845,0
12699,0
12703,0
12713,0
127150,0
12715,0
12729,0
12734,0
12741,0
12742,0
12744,0
12748,0
12749,0
12756,0
12769,0
12777,1
12793,0
12797557,1
127998,1
12810,0
12855,1
12860,0
12868,0
12870,1
128918,0
12898,1
12901,1
12902,1
12902,0
129109,0
129228,0
12932,1
12942137,1
12947,0
129491,1
12955,0
12958,0
12967,0
12968,0
12971008,0
12977,0
129791,0
12988,0
12989,0
12991988,1
12998,0
129991,0
13000,0
13019,0
130313,0
13032,0
13050,0
13059052,1
13065,0
13075,0
13081,1
13086,0
13089,1
13097,1
130990,1
13101,1
13109,1
13118,1
131204,0
13132266,0
13134,0
13144,0
13150,0
13165,0
13166,0
131746,0
13187,0
13203,0
13205,1
13218777,1
13220,0
13231,0
13232,0
13233,0
13240377,0
13246,0
13254,1
13263,0
13266,0
13271,1
13282,1
13283,1
13286,0
132916,1
132932,1
13297,1
133264,1
13345,0
13357,0
13360,0
133621,0
13363,0
13379149,0
13382,0
13387,0
133914,1
13391,0
13398,0
134018,1
13404,0
13405,0
13432,0
13436,1
13450,0
1345,1
134601,0
134669,0
13487610,0
13493,1
1349907,1
1349907,0
13506,0
13514,1
135191,0
13521,0
13522,0
13530,1
135398513,0
135398638,0
135398641,0
135398658,0
135398735,1
135398739,0
135398740,0
135398741,0
135398745,0
135398748,0
135398752,0
135399235,0
13539,0
135400182,0
135400471,1
135401907,0
135403591,0
135408753,0
135408763,0
135408793,0
135409453,1
135409535,1
135410906,0
135413497,0
135413523,1
135414420,1
135418174,1
135423095,1
135424354,0
13542,0
135430996,1
135436526,0
135442941,1
135444498,0
135445761,0
135459645,0
135464373,0
135474890,1
135491728,1
135495951,0
135502804,1
135503327,1
135511839,0
135512460,0
13551,0
135565106,1
135565635,1
135585373,1
1355,0
13563,0
135659063,0
135749823,1
13578,0
135797791,0
13583,1
13586,0
13591,0
13594,0
1359,1
135,0
13602,0
13613,0
13617,0
13618,1
13622,0
13624,0
13633097,0
13636,1
13638937,0
13654,0
13662,1
13676,1
136843,0
13689,0
13708,0
13709,1
137264,0
13728,1
13745,1
13754,0
13755,0
137829,0
13783,1
137895,0
137994,0
13816,0
13836,0
13838,0
138395,0
13848,0
13849,0
13878,0
13883,0
13888,0
13905,0
1390,0
13930,1
13940,1
13953,1
13961743,1
13,1
14007922,0
14025,0
14050,1
14051,0
14075,0
14079,0
14090,0
14104,0
14106,0
14112,0
14127,1
14130,0
14138,1
14145,1
14178379,1
14184,0
14205677,0
14210,0
14215,0
14219,0
14223,0
14228,0
14231,0
14233,0
14235,0
14236,0
14240,0
14242,0
142482,0
14249,0
14250,0
14257,1
14260,0
14264,0
14275,0
142766,0
14276,0
14284,0
14286,0
14295,0
14296,0
14300,1
14306122,0
14310,0
14347,0
14357,0
14369,1
14385,1
14410,0
14425,1
14456,0
14465,0
14489,0
14493,0
14500,1
14503,1
14511,0
14520,0
14529,0
145512,1
14552708,1
14569,1
145815,0
14589,1
146256,0
14642,1
146540,1
146571,0
14708,1
14709,1
14710,1
14716,1
14720269,1
14782,0
147912,1
14802,0
1480,1
148124,0
148192,1
1483,1
1483,0
14842,1
14868,1
14869,1
1486,1
14871,1
1488,0
14895,1
14896,0
14899,0
1489,1
1491,0
1493,1
14982,0
14985,0
14994,1
15004,0
15008,1
150311,1
15037,0
15050,0
15069,0
15074,0
150762,1
15076,0
15078,0
15088,0
15096,1
15106,1
151075,0
15109,0
151166,1
151173,0
15118,0
151194,1
15122,0
151318,0
15132,0
15133,1
15144,0
15158,0
15165,0
15209,0
15232,0
15260,0
15278,0
152801,1
15284,1
15286,0
15287,0
15290,0
152932,0
15294,0
152951,0
15295,0
15313,0
15325,1
15331,0
15337,1
1533,0
15348,0
15359,0
15365,0
15376,0
15387,0
153909,0
153939,1
15394,0
153974,1
153994,1
153997,1
1539,1
15406,0
15412,1
15413,0
15415,1
154256,1
15427,1
15432,0
15436,0
15439,0
15443,1
15452,0
15459,0
15461361,0
15466,0
1547484,1
15478,0
1548887,1
1548887,0
1548943,1
1549008,1
1549018,0
1549025,0
1549026,1
1549026,0
1549133,1
154914,1
154915,0
1549517,0
1549520,1
1549521,0
1549992,1
1550489,1
15504,0
1550823,0
1550846,0
1550874,1
15510,0
1551245,0
15512,0
155290,0
15529,1
15530,1
15531,1
15533,1
15538,0
155434,0
15553,0
15560,0
15575641,1
155794,1
15580,1
15583,0
15588,1
15595,0
15600,1
15600,0
15612,0
15615,0
15625,0
15627,0
15630,1
156328,0
156418,0
156422,1
15659,0
15666,0
15678,1
15684,0
15723,0
15730,1
157313,0
157355,0
15752,0
15763,0
15766,0
157672,0
15767,0
157690,0
15787,1
157882,0
157917,1
15797,1
15816,0
15817,0
158629,0
158793,0
15891,0
159055,0
15909,0
15910,1
159271,1
159278,0
15927,1
15932798,0
15965,1
15965,0
15967,1
15969,1
159747,1
15981450,1
15984075,0
159924,0
159977,0
15998,1
16003,0
16004722,1
16004,0
16013,1
16013,0
16015,0
160243,0
16033,1
16036578,1
16043,1
16051918,0
16051930,1
16051942,1
16051969,0
16051987,0
16069365,0
160796,0
16096,0
16097,0
161104,0
16115,1
16116,1
161236,0
16125,0
16129778,1
16135,0
16141,1
16143,1
161803,1
16181,0
16183,0
162012,1
16204922,1
162071,0
16210995,0
16211009,1
16211072,0
16211115,0
16211135,1
16211409,0
16211417,0
16211849,0
16212317,0
16212360,0
16212610,1
16212746,0
16212880,1
16213711,0
16217215,0
16217238,1
16218739,0
16218793,0
16218822,1
16219127,0
16219349,0
16219385,0
16220118,0
16221,0
16230,0
16231,0
16237,0
162381,1
16241,0
162461,0
16247,0
16258,0
16278,0
162839,0
16303,0
16305,1
16306,0
16316,0
16323,0
163263,1
16331,0
16362,1
163727,0
16387,1
1639,0
16402,0
164072,1
16421,1
16422,1
164282,0
164333,0
164457,0
164486,0
164512,1
16454,0
164739,0
16473,0
16490,0
165286,0
16533,1
16541,0
165457,0
16551,0
16560,1
16562,0
165675,0
165746,0
16574,0
16584,0
16591,0
166033,0
16627,0
16637,0
16640,0
166480,1
16653,1
16653,0
16654936,1
166589,0
16659,0
16666638,1
16666,0
16682730,1
16682736,0
16682738,0
16682740,0
16682804,1
16682828,1
16682834,1
16682935,1
16682953,1
16682993,0
16683023,1
16683072,1
16683101,0
16683978,0
16683,0
16684434,1
16684880,0
16685,0
16697,0
16698,0
16700308,0
16719897,0
16719,1
16720,1
16722125,1
16724,0
16726630,1
16726,0
1672,0
16741,1
16749605,0
1674,1
16752,1
16760153,1
16760189,1
16760467,0
16760658,0
16760703,0
16773,0
1678,0
167980,0
168088,0
16821,1
16846,0
1684,1
16850,1
16872,0
16887,1
16907,0
16932,1
169371,0
16949,1
16961,0
169664,1
16971,0
169743,0
16976,0
169870,1
16989,0
16990,0
16993,0
170249,0
170286,1
170344,0
170364,1
17036,1
17038,1
17043,0
17046,0
17049,0
17050,0
17090,0
17092,0
17095,0
17100,0
171018,0
17110,0
17111,0
17113,1
171144,1
1711973,1
171257,0
17134,0
17151,0
171548,0
17161,1
17162,0
17163,0
17168,1
17170,0
17185,0
17201,1
17204,1
17234,0
17236,0
17241,1
17244,0
17258,0
17259,0
17273,1
17276,0
17279,1
1727,0
17291,0
17304,1
173058,1
17305,1
1730,1
17317,0
17318,1
17321,1
1732,0
17355,0
173604,0
173636,1
17406,0
1742210,0
174223,1
17425,1
17429,0
17434,1
17435,1
17437,1
17462,1
174,0
17513,0
17516,0
17520,1
17525,0
1752,1
17531,1
17533,1
175468,0
17549,0
175533,0
17569,1
17570,0
175804,0
17581,1
175854,0
17587,0
17593,1
175956,0
17595,0
175967,1
17599,1
176163,0
176167,1
17617,0
17652,1
17683,0
176879,1
17693,1
17695,1
176,0
17701,1
17719,0
17722,0
17739,0
17756,0
1775,1
177,0
178019,0
17811,1
178144,0
17816,0
17818,1
17819,1
17841257,0
17857,0
17858,0
17861,0
1787910,1
17880,0
17888,0
17891,0
17913,0
17931,1
17946,0
1796220,0
179651,0
179,0
180089,1
18016,1
18048,1
180494,1
18050,0
180559,0
18055,0
18056,0
18062,0
1807,1
18087,0
180,0
18137,0
181518,1
18156,1
18193,1
18196,0
181978,0
18198,0
18204,0
18205,0
18273,0
18283,0
182951,1
18302,0
18303,0
18340,0
18343,0
183559,1
18360,1
18370,0
18374068,0
18430,0
18480,1
18487,1
18502,0
18506491,1
18522,0
18529,1
18542136,1
185457,0
185460,0
18551400,0
18555,0
185588,0
18603,0
18604,0
18617,0
18635,1
18669,1
18689,1
18692,0
18725,0
18728,1
18730,1
18732,0
18745,0
18756,1
18771,1
18783,1
18815,0
18819,0
18827,0
188304,0
18831,0
1892,0
18980,0
189821,0
18992283,0
19004,0
19022,0
19042,1
19079,1
19095,0
190,0
1910825,1
19188,0
192197,1
1923,1
1923,0
19241,1
19262,1
19266,0
19283,0
19284,1
19309,0
193581,0
1935,0
19379,0
193943,1
193949,0
19395,1
19402,1
19458,1
19463,0
19494,0
19499,0
19518,0
19522,1
19529,1
19587,1
19596,0
19601,0
19602,1
19604,0
19633,1
19633,0
19646,1
19658,1
196639,1
19675,0
1967,1
196,0
19700,1
197066,0
19710,0
19750,0
19756,0
197835,1
197942,0
19800,0
198015,1
198212,0
1982,0
19838382,0
19838,0
1983,0
1985,0
19861,0
198695,0
1986,0
198707,0
19871,0
19876500,0
1988,1
1989,1
1990,0
19910,1
19920,0
19988,0
19996,0
19999,0
1999,0
2000,0
20024,0
200391,0
20039,0
20054964,0
20054967,1
20055397,1
20055424,0
20055509,0
20056549,0
20056828,0
2005,0
2006,0
20083,0
20084,0
20113,1
20129,0
20167,1
20169,1
20179,0
2018,0
20240,1
20250,1
202877,0
20352,1
20353,0
20393,1
20395,1
20414,0
20417,0
20469,1
20473,0
20478723,1
204,0
2052,1
20546,0
206044,1
20607916,0
20686,0
20691,0
20701,1
20725980,1
20739,0
20745,0
20749,0
20750,0
2075,1
2075,0
20769,0
207841,0
2078,1
20803,1
20812,0
2081,1
2082,0
2083,0
20848883,0
20848,1
20849290,1
20861,0
208836,1
208898,1
208908,1
208916,0
208925,1
208953,0
20906,1
20933,0
20949,0
20965,1
2097895,1
20993,0
210326,0
21058,1
21059,0
21088,0
21096,0
21102,0
21118222,0
21124389,0
21138,0
2119,0
2120,0
21210,0
21218,1
21220,0
2123,0
21265,0
2126,1
21277,0
212930,0
213013,0
213016,1
213031,1
213032,1
213037,1
21307,1
2130,0
21322,0
21387,1
2140,0
21414,0
2141,0
21453,0
2145,0
2148,0
21499,1
21501,0
2151,0
21531,0
21534,0
2153,0
2155,0
21576,0
2157,1
2159,0
2161,1
21622,0
216235,1
216237,1
216265,1
21630,1
216326,0
216385,0
21640,0
21648,0
2164,0
21685,1
21694,0
2170,1
2170,0
21718,0
21743,0
21768,0
21772,0
21777,0
21803,1
21804,1
21859,0
2187,1
219024,0
219050,1
219078,0
219081,0
21917397,0
21932259,1
21935081,1
21943953,1
2194,1
21954,0
2196,0
21977262,0
21984,0
21988023,0
2201,1
2202,0
2206,0
22078297,0
22086,1
22094,1
221260,0
22162,0
22188,0
222285,0
22239085,1
222464,1
222536,0
2225,1
222786,0
2230,0
22311,0
223368,1
22344,0
22419268,1
22420,0
2244,0
22456,0
22463,1
22468,0
22475,0
2247,1
2249,0
22544,0
22555,0
2256,0
22571,1
22574,0
22576,0
22584,1
22586,1
22601,0
22628,1
2264,0
2265,0
2266,0
22678982,1
2268,1
22691,0
22697,0
22710,0
2272,0
2273,1
22772,1
227,0
22830,1
22833294,1
22833295,0
22833307,0
22833317,0
22833320,0
22833321,1
22833326,0
22833331,0
22833395,0
22833454,1
22833489,1
22833503,1
22833506,1
22833,1
22842,0
2284,0
2286,1
22873,0
22879,0
22882,1
228987,1
22932,0
229455,1
22947,0
2294,0
22960,1
22985,0
23009,0
23017,1
23019,1
23079882,0
230976,0
2312,0
23160050,0
23160059,1
23194,0
2319,1
2320,0
23235,0
232446,1
23284,0
2328,1
23294,0
2331,0
2333,1
23347,1
23354,0
23360,0
23368,0
2337,1
23392,0
23394,0
23418,0
2342,0
234310,1
23435,0
23436,0
2343,1
2345,1
2346,1
2347,1
235227,1
23535,0
23537,0
23540,1
23558,1
2355,1
23565,0
23617864,0
2361,1
23625795,0
23654,0
23661868,0
23661960,0
23661981,1
23662274,0
23662382,0
23663400,0
23663539,1
23663624,0
23663939,1
23663959,1
23663974,0
23663976,1
23663992,1
23663996,0
23664290,0
23664644,0
23665410,1
23665583,1
23665706,0
23665759,0
23665761,0
23665763,0
23665771,1
23665772,1
23665884,1
23666110,1
23667529,0
23667548,0
23667638,0
23667639,0
23667648,0
23668192,0
23668193,0
23668194,0
23668195,0
23668197,0
23668198,1
23668568,1
23668817,0
23669238,1
23670523,0
23670844,0
23672293,1
23672329,0
23672589,0
23673837,1
23674215,0
23674746,1
23674889,1
23675081,1
23675274,1
23675312,1
23675737,0
23675786,1
23675796,0
23676704,1
23676735,0
23676745,0
23676752,1
23676814,0
23677323,0
23677927,1
23677963,0
23677967,1
23677979,0
23678596,0
23678874,1
23678979,1
23679004,0
23679813,0
23681045,0
23681107,0
23681217,0
23681233,1
23681382,0
23681559,0
23682789,0
23683016,1
23684123,1
23684827,0
23684896,0
23685849,1
23686673,1
23687810,0
23688987,0
23689980,0
23690437,1
23690438,1
23690996,0
23691974,0
23692768,1
23694214,0
23695324,0
23695905,0
23697816,0
2369,0
23700088,1
23700091,0
23700188,1
23702994,1
23703451,1
23703979,1
23704143,0
23706212,1
23707968,1
23728,0
237332,0
23741,0
2374,1
2377,0
2378,1
23892,1
23894,0
2391,1
240119,1
24066,0
2406,1
240,0
24114,0
24116,1
241582,0
24180685,1
24180686,1
24180709,1
24191,0
241,0
24233,0
24244,0
24261,0
24268,0
24290,1
24309,1
24314,0
24321,1
243274,1
24350,1
24351,0
2435,0
24361,0
243694,1
24393,0
243,0
24405,0
24412,0
24434,0
24436,0
24451,0
24466,0
2446,0
2447,0
24482,0
2448,0
2449,1
2450,1
24512,0
24585,0
24603,0
24608,0
24633,1
24648,0
246598,1
2465,0
246724,0
2468,0
24699,0
24705,0
2471,0
24721009,0
24723,0
24730,0
24744,0
24750,1
24752,0
2475,0
24764,0
24771,0
24773,1
2477,0
24781,1
247839,1
2478,0
24798,0
247,0
24802109,0
24809526,1
2480,0
24813,0
24814,0
24819,0
2482,1
24838,0
24842,1
24846,0
24847,0
24852044,1
24860538,0
24871267,1
24874,0
24883,0
24884197,0
24915,0
24937,0
24944555,1
249494,0
24964624,0
250096,0
25015677,1
25015,1
25051,0
25054,1
250948,1
25099474,1
25106,0
25127,1
25146,1
25150753,0
2515,0
25171607,1
2518,0
2519,0
25204,0
25208,0
2520,0
25213,0
25223,0
25229,0
25238,1
25248,0
25249,1
2537,0
253881,0
2540,1
25418,0
2541,1
25429,1
25429,0
2554,0
25561,0
25572,1
25607,0
25608,0
2562,0
25644,1
25670,1
25711,0
25750,0
2576,0
2577,1
2578,0
25833,0
25887,0
25912,1
259331,0
259381,0
26030,1
26033,1
2603,1
26041,1
26049,1
26068,0
26124,1
26124,0
26132,0
26133,0
261491,0
261501,0
261668,1
26176,1
26177,1
261,0
26229,0
26289,0
26295,1
26323,0
26391,1
263,0
26447,0
264891,0
264,0
26596,0
26602,1
2662,1
26633,1
26650,0
26690,1
26710,1
26758,0
26762,0
26808,0
2682,1
2682,0
26975,1
26989,0
27020,1
27054,0
2707,0
2708,0
2717,0
27189,1
27195,1
27200,0
27211,1
2722,0
2723598,0
2723601,1
2723622,1
2723630,1
2723631,0
2723635,0
2723640,0
2723650,0
2723694,0
2723715,1
2723716,1
2723754,0
2723770,0
2723772,1
2723790,0
2723816,0
2723822,0
2723853,1
2723856,0
2723866,0
2723869,1
2723942,0
2723,0
2724144,0
2724159,1
2724189,1
2724248,0
2724368,0
2724385,0
2724411,1
2724429,0
2724552,0
2724564,1
2725002,0
2726,0
2727728,0
2727,1
2728761,0
2728,1
27295,1
2730,1
2732,0
2733245,0
2733525,1
2733526,1
2733526,0
2733660,0
2733673,1
2733,0
2734117,1
2734160,0
2734161,0
2734167,0
2734171,0
2734172,0
2734174,0
2734175,0
2734176,0
2734177,0
2734178,0
2734179,0
2734180,0
2734181,0
2734223,0
2734225,0
2734227,0
2734231,1
2734235,0
2734237,0
2734238,0
2734239,0
2734241,0
2734243,0
2734244,0
2734246,0
2734247,0
2734248,0
2734249,0
2734250,0
2734678,1
2734952,0
2734956,1
2735009,0
2735045,1
2735086,0
2735101,0
2735107,1
2735122,0
2735932,0
2736548,0
27368,0
2737408,1
27400,0
2741,0
27423,1
27447,0
27457,0
27458,0
27503,0
275196,1
2754,1
2755,0
2756,1
2758725,1
2758873,1
2758874,0
2758,0
2761171,0
2762,0
2763,1
27655,0
2765,0
2767,1
27689,1
2769348,0
2769,0
2770166,0
2771871,0
27756,1
27756,0
2775940,1
2776282,1
2777208,0
2777982,1
2779938,0
27812,1
2783,0
27866,0
27872,1
2787,0
27882,1
27901,0
27909,0
2793,1
27941,0
27944,0
2796,0
27979,0
2797,0
27982,0
27990,0
2799,1
2801,0
2803,0
28061,0
28118,0
28127,0
2812,1
2817,0
28213,0
28292,1
2829432,0
28417,1
2843496,0
28446,0
285097,0
28531,1
28532,0
28554,0
28594,0
28620,0
28693,0
28697,0
28700,1
2871,1
28767,1
28768,1
28777,1
2879,0
28803,0
2883,1
28858,0
28871,1
28891,0
28931,1
28935,1
2898,1
28999,1
289,0
2904,0
29096,0
2910,1
29112,0
2912,1
2913,0
29216,1
29228,0
29249,1
29307,1
29327,0
29354,1
29393,1
2942,0
2943,0
2955,0
2969,1
29728,0
29732,1
298107,0
29858,0
29872,0
29959,0
299728,1
2998,1
2999413,1
299,1
3001055,0
3003141,1
3005572,1
300,0
3011155,0
3014138,1
3015167,1
3016,1
3017698,0
3017,1
3019305,0
3019,0
30231,1
3023,0
3024,0
3025067,0
3025,0
3026,1
3030770,0
3030,1
3031,0
3032297,1
3032472,1
3032581,1
3032791,1
3032854,0
3033674,1
3033769,0
3033825,1
3033865,1
3033877,0
3033968,1
3033988,1
3033992,0
3034020,0
3034285,1
3034287,0
3034319,0
3034351,1
3034368,1
3035267,0
3035467,0
3035,1
30360,0
3036780,0
3036974,1
3036,1
3037582,0
3037,1
3038522,0
3039,0
3041255,0
3042,0
3045335,0
3045402,0
3045407,1
3045414,0
3047798,1
30479,0
3051,0
3052762,1
3052775,0
30530,0
3053,0
30541,1
3054,1
3055,0
3057998,0
3058503,0
3058739,0
3058754,1
3058839,1
3059,1
3060974,1
30623,0
30627,0
30692,1
30709,1
3073,1
3073,0
3074,1
30771,0
30773,0
3078952,1
307,0
3081304,1
3081361,0
3081,0
3082,1
3083546,1
3083585,0
3083802,0
3085326,1
3086157,0
3086172,1
3086618,1
3086676,1
308,1
3090,0
30914,0
3091,0
3092,0
3100,0
31018,0
3102,1
31070,1
31072,0
3108,1
3109,1
31100,1
3114,0
31170,0
3117,1
3118,1
311,0
31200,1
31202,1
31204,1
31208,1
31209,1
3120,0
31211,0
31214,0
31215,0
31217,0
31218,0
31219,0
3121,1
3121,0
31222,1
31222,0
31224,1
31225,1
31226,0
31227,0
31234,0
31236,0
31237,0
31238,0
31239,1
31241,0
31242,0
31243,0
312440,0
31244,0
31245,0
31249,1
31251,0
31255,0
31256,0
31260,0
31261,0
31263,0
31264,0
31265,0
31269,1
31272,0
31276,0
31279,0
31282,0
31283,0
31284,0
31286,0
31288,0
312915,0
31291,0
31294,0
31296,0
31297,0
31298,0
31307,1
31315,1
31331,0
31335,1
31337,1
31344,0
31347,0
31352,0
31353,1
31355,0
31356,1
31357,1
31362,1
31368,0
31370,0
31373,0
31374,0
31386,0
31389,1
31390,0
31398,0
31404,1
31404,0
31420,1
31423,1
31426,0
31432,0
31473,1
31475,1
31492,0
3151,0
31553,1
31593,0
31635,1
31657,0
31677,1
3168,0
3169,0
3182,0
31899,1
3191,1
31954,0
31957,1
32065,0
320930,1
32154,1
32154,0
32169,0
32184,1
3220,1
3221,0
32241,0
3224,1
3225,0
3226,0
3229,0
323,0
3242,0
32485,0
32490,0
3255932,0
32594,0
3259,1
325,1
326,0
3270262,0
32731,0
32739,1
3275,0
3276,0
3278,1
32793,1
32798,1
3282,0
3286,1
32872,1
32897,0
3289,1
32912,1
3291,0
32933,1
3293,1
32995,0
33005,0
3301,0
33039,0
3307,0
3308,1
33094,0
3309,0
33133,1
3316,1
3317081,1
33176,1
3321360,0
3324,0
33256,0
33258,1
3325,0
3326,1
33286,0
332,1
3331,0
33334,1
3333,1
33344,1
3334,0
3335,0
33360,1
3339,1
3341,0
33443,0
3346,1
33478,1
3347,1
33498,0
33500,1
33528,1
3352,1
3354132,0
33557,1
33565,1
3356745,0
3356,0
3357,0
335,0
3360,1
33611,1
33624,0
3362,1
33630,1
3365,1
3366,0
3371,1
33733,0
337359,0
33741,0
3374,0
3378440,1
3385,0
338733,1
338,0
3391107,1
33919,1
33934,1
3394,1
3395,1
3396,1
3397,1
34001,0
34040,0
34081,1
3417419,1
3418,0
34192,1
3423265,1
3423265,0
34286,1
342,0
34306,1
34312,0
34313,1
3433,0
3437285,0
3437714,0
3438,0
3440,0
3444,1
34458,1
34469,1
3446,0
3448,0
34526,1
34632,1
3463,1
3465817,1
34665,0
34697,1
34757,1
3475,0
34763,0
34767,0
3476,1
3478,1
3482402,1
3485,0
34870,0
3487,0
3488,1
3489,1
34,0
3503,1
3516,0
3517,0
352309,1
35370,1
35370,0
35375,1
3543259,0
3552,0
3559,0
3562,0
356,0
35740,0
35751,0
357904,1
3589,1
35969,1
3598,1
3599,0
3604,0
3607,0
36081,0
3608,0
3610,1
3613389,1
36143,0
36159,1
36273,0
36274,0
3627,0
36324,0
36326,0
36339,1
3634,0
36382,1
36383,1
36392,1
3639,0
3647,0
36565,1
3657,0
36584,0
36606,1
36663,0
3671,0
3672,1
3673,1
3676,0
36811,0
3681,0
36822,0
3686,1
36870,1
3689,0
3690,0
3696,0
3698,1
3702,0
37034,0
37123,0
37125,1
3712,1
3714831,1
3715,1
37175,1
3720192,0
3723,0
3724,0
3727,1
3728,0
3730,0
3735,1
3736,0
37384,1
37392,0
3739,0
3740,0
3741,0
3743,0
3747,1
3749,1
37517,1
37524,0
37542,0
3760,1
3763,0
3766139,0
3767,1
3775,1
37768,0
3776,0
3778,0
37829,0
3784,1
37888454,0
37907,1
379,0
38018,1
38037,1
38072,0
38102,0
38103,0
38221,1
38235,0
38258,0
3825,1
3827,0
38283,1
38284,1
3828,1
3830,0
38360,1
3840,0
38479,1
385,0
387179,1
38779,1
3878,0
3883,1
3884,1
38852,0
38855,1
38882,0
38884,1
38911,0
3894848,1
3899,1
39040,0
39042,1
39147,0
39186,0
39214,0
39223,1
39230,1
392622,1
39299,1
39327,1
39328,0
3932,1
39385,1
39424,1
39424,0
3950,0
39526,0
39562,1
39562,0
3957,1
3961,1
3965,0
39676,0
3969,1
39764,0
39800,1
39801,0
398,0
39965,0
39985,1
40000,1
4004,1
40087,1
4011,0
40127,0
4019,0
4021,1
40273,0
40301,1
4030,0
40326,1
4032,0
40399,1
40399,0
403,1
4044,1
40463,0
40475,0
4047,0
40520,1
4054,0
4055,1
40585,1
4059,0
40632,0
406563,1
4066,0
4075,1
4078,0
40813,1
408285,0
40854,0
4091,0
4093,0
4101,0
41022,1
4107,0
4109,0
4110039,1
41114,1
4114,1
4115,1
4117,0
41206,1
4121,0
4122,0
4128060,1
4130,1
4132186,0
41331,0
4133,0
41368,1
41381,1
41384,1
41385,0
41428,1
41448,0
41463,1
41478,0
415628,0
4156,0
41574,0
41632,1
4165,0
41684,1
4168,0
4169,1
41718,1
4173,0
4174,0
4177,1
41781,1
4184,0
41909,0
4197,1
4201,0
42040,1
4211,1
4235,0
4236,0
42373,0
42504,1
42574,1
4257,0
42586,1
42586,0
426756,1
42725,0
42745,0
4276,1
42802,0
4284,0
4292413,0
42963,0
42981,1
4302960,0
43032,1
43079,1
4320947,1
43226,1
43231,0
43233,1
43234,1
43261,0
43371,0
4338370,1
4343483,0
4348,0
4350929,0
43704,1
4373502,1
4379756,0
43815,0
4385787,0
439250,0
439280,1
439501,0
439524,0
439570,0
43961,1
439709,0
44072,1
44073,1
440917,0
440936,0
440968,0
441082,0
44112,1
441130,0
441140,1
441140,0
441199,0
441207,0
441242,0
441307,0
441308,0
441313,0
441314,0
441325,1
441333,0
441334,0
441336,1
44134533,0
441371,1
441412,0
4418,0
4420067,1
442021,0
4420,1
4421,0
442343,1
44235958,1
442460,0
442482,1
442495,0
442972,0
443048,1
443101,0
443157,0
443162,0
443297,0
443375,1
44341259,0
44368,0
44373822,0
44383,0
443866,0
443872,0
443873,0
443943,1
443945,0
444005,0
444008,1
444020,0
444025,0
444030,0
444037,0
444041,0
444212,0
444254,0
444266,0
444294,0
444305,0
4445035,0
444539,0
444795,1
444913,1
444913,0
444972,0
445070,1
445154,1
445354,1
44555481,0
44561,0
445638,1
445639,0
44564,0
44578765,1
446155,1
44630019,1
4463,0
446541,0
447043,0
44717198,0
4472,1
4474062,0
4474,1
4477,1
448537,1
4485,1
4487,0
448812,0
449293,0
4493,1
449459,1
4495,1
4497,1
4499,1
45006154,1
4500,0
45073437,1
4507,1
4509,0
4511,0
4513,0
4514,0
451668,0
4523766,0
45268380,0
4534,1
45357485,0
4539,0
454,0
456201,1
4567,0
457193,0
4578030,1
4581,0
4583,0
458426,1
459494,1
4594,1
4595,0
460129,0
460612,1
460,0
4610,0
4615,1
4621,1
46226173,0
4622,0
462368,0
4628,0
4632,1
4636,0
4641,1
4649906,0
464,0
4650,0
4652,0
4654,0
4659569,1
4669250,1
4671,0
4674,0
46780884,0
4678,0
4679699,1
4679,1
4684,0
4685,0
46861540,0
4687,0
472181,1
4723,0
4726,1
47289,0
47326,1
47364,0
4740,0
47445,0
47455,0
47462,0
47471,1
4748,0
47491,0
47510,0
47528,0
4753,0
4754,0
4760,0
4763,0
47649,0
4764,1
4765,0
4766,1
4767,1
4768,1
4770,0
4778,0
47812,0
4781,1
4783,1
47866,0
4788,1
47898,1
4790,1
47938,1
4793,1
47965,0
4806,0
4807,1
4807,0
4810,0
4820,0
48229,1
4828,0
483180,0
4831,0
4837,0
4842,0
4843,0
4847,0
4848,0
4849,0
4850,1
4875,0
4883,0
4887,1
4888,0
4890,1
4891,0
4893,0
4904,0
4909,0
4911,0
4913,0
4921319,1
4921,1
4922,0
4928,0
4930,0
4932,0
4933,1
493570,0
4936,1
4937,0
49381,0
4938,0
4943,1
4944,0
4964,0
4977,0
4980,1
4984721,1
4992,0
4993,0
4994,0
4,0
5002,0
50108,1
5018304,1
50287,0
50293,0
50294,0
50312,0
5035,1
50367,1
5037,0
5042,0
50465,0
50516,1
5053,1
5054,0
5055,0
5067511,0
5073,0
5076555,1
50878556,0
50878565,0
50878597,0
50895,1
50896,0
50897,1
5092,0
50942,0
5094,0
5095,0
51039,0
51040,1
5104,0
51082,0
5111791,1
51173,0
5125,1
51346588,1
51369,1
5143,0
5144,0
5146,0
5147,0
51556,1
51576,0
51605,1
51634,0
516871,0
516872,0
516900,0
516902,0
516910,0
516919,0
517000,0
517044,0
517045,0
517055,0
517058,0
517063,0
517121,0
517232,0
517277,0
517304,0
517321,0
517326,0
517383,1
517414,1
517546,1
51755,1
517637,1
518872,0
5192,0
519368,0
519382,1
519907,0
51,0
520098,0
520108,1
520108,0
520148,0
520196,1
520196,0
520789,0
520888,0
5216,0
5217,1
521998,0
522105,1
522183,0
522325,0
522769,0
5237,0
5238,0
524314,0
5258,0
525,0
5265,0
526624,1
5268,1
5271565,0
5271566,0
5273621,1
527,0
5280343,1
5280360,0
5280378,1
5280443,1
5280450,1
5280531,1
5280567,0
5280793,1
5280795,1
5280805,0
5280863,1
5280934,1
5280961,1
5280961,0
5280965,0
5280970,0
5281032,0
5281034,1
5281055,1
5281056,0
5281064,0
5281078,1
5281081,1
5281116,0
5281162,1
528143,0
5281515,0
5281516,1
5281565,1
5281567,1
5281575,0
5281576,1
5281607,1
5281707,1
5281708,1
5281764,0
5281855,0
5281872,1
5281874,1
5281881,0
5281,0
5282108,0
5282109,0
5282136,0
5282138,1
5282164,0
5282182,0
5282183,1
5282184,1
5282198,1
5282203,0
5282215,0
5282219,1
5282229,1
5282318,0
5282375,1
5282379,1
5282386,0
5282402,0
5282409,0
5282433,1
5282435,0
5282443,0
5282450,0
5282474,0
5282485,0
5282745,0
5283292,1
5283335,1
5283349,1
5283387,0
5283389,1
5284341,1
5284346,0
5284359,0
5284360,0
5284361,0
5284363,1
5284366,0
5284371,0
5284373,0
5284382,0
5284385,1
5284409,0
5284416,1
5284421,1
5284429,0
5284435,1
5284439,0
5284441,1
5284443,0
5284448,1
5284451,0
5284452,1
5284459,1
5284462,1
5284469,1
5284472,0
5284483,1
5284486,1
5284503,0
5284534,0
5284556,0
5284587,1
5284594,0
5284596,0
5284600,1
5284613,0
5284620,0
5284627,0
5284629,1
5284631,0
5287407,0
5288209,1
5288783,1
5289501,0
52997,0
5309446,1
5310987,0
5311067,1
5311093,1
5311110,0
5311217,1
5311271,0
5311309,1
5311398,0
5311429,0
5311454,1
53172,1
5318042,0
5319706,1
5319879,1
5320128,1
5320,0
5321950,0
5322,0
53232,1
53232,0
5323714,0
5323,0
5324346,1
53249535,1
5324,0
53257735,1
5325,0
53260965,1
5326,0
5327,0
5328,1
5329,0
5330,0
53316382,1
53316391,1
53316393,1
53316396,1
53316398,0
53316400,0
53316406,1
53316406,0
53316407,1
53316409,0
53316417,1
53316418,1
5332,0
5333,0
5334,1
5335,1
5336,0
53384398,1
53388,0
5338,1
53398649,1
5339,1
5340,0
5342,1
5343,0
5344,0
534543,0
53462,0
53518,1
5352543,0
5352624,1
5353788,0
5354035,0
5354133,1
5354456,0
5354,1
5355079,0
5355130,1
53555,1
5355850,1
5355853,0
5355863,0
5356785,0
5356789,1
5356,0
5358159,1
5358907,0
5358,0
5359371,0
5359421,0
5359,1
5360487,1
5360515,0
5361,0
5362115,1
5362118,0
5362123,1
5362129,0
5362376,0
5362417,0
5362564,1
5362708,1
5362792,0
5362833,0
5363269,1
5363388,0
5364420,1
5364495,0
5364509,0
5364579,0
5364713,1
5365049,0
5365125,1
5365552,0
5365642,1
5365794,0
5366074,0
5366352,0
5366546,1
53665,0
53672,1
5367650,0
5367692,0
5367706,0
5368076,0
5369881,0
53708,0
5371084,1
5371562,0
5371728,1
5372405,1
53735,0
5374,0
5375199,0
5377323,1
5377793,0
5378708,1
5379,0
5381,0
5382,0
5383,0
5386,0
5387,0
5388510,1
5388962,0
5388977,1
5388983,0
5391,1
5392,1
5394,0
539829,1
5405,0
54117,0
54158,0
5424,0
54260,1
5426,0
542762,0
5429,0
5430,0
543207,0
5432,0
54339,1
54384,0
54454,1
54459,0
5447130,0
54477,0
5447,1
5447,0
5453,1
5455,1
54580,1
5458876,0
5459110,0
5464257,0
54670067,0
54671008,0
54675776,1
54675810,0
54676038,1
54676228,1
54676478,0
54676537,1
54677470,1
54677971,1
54678486,1
54678504,1
54679224,0
54680085,1
54680691,1
54680694,0
54680782,1
54682536,0
54682651,1
54685524,1
54685925,0
54688686,0
5468,1
546,0
5472,1
54738,0
54739,0
54740,0
54744,0
54745,1
54746,0
5475158,0
5475,0
54765,0
5478883,0
5479,0
5480,1
5482,1
548353,0
5483,0
5485193,0
5485221,1
5487,0
54886,1
54889,1
5489012,1
54891,1
54897,1
54900,1
54911,0
5492898,0
54960,0
550206,0
5503,1
5505,1
5506,1
5510,1
55182,0
55245,1
55283,1
5531,0
55329,1
55331,0
5536,0
55397,0
5541,0
5543,1
5543,0
5546,0
5558,0
5560,0
5561,0
5564,1
55652,0
5565,0
5569,1
5576,0
5578,0
5585,0
5590,1
5591,1
5593,1
56031,1
56069,1
56160,0
56205,0
56207,0
56208,0
5625,1
56339,0
5634,1
5641,0
56463,1
564,0
5656,0
56638112,0
56704,0
56738,0
56801,0
56846451,1
568,1
568,0
5694,1
56959,0
56971,1
56972160,0
57004,0
5702159,1
5702161,0
5702162,1
5702167,0
5702214,0
5702242,0
5702285,0
5702293,0
5702746,1
5707,0
5709754,1
5717,1
5723,0
5724,1
5732,0
5734,0
57351929,1
57358267,0
57358854,0
57363,1
57364,0
57369982,0
5736,0
57372628,0
5741,0
57433782,0
5743835,0
57469,0
57483158,1
5748,0
5753,1
5754,0
5755,1
5755,0
5756,0
5757,0
576026,1
5765,0
5770,1
5775,0
57782,0
5780,0
57823090,0
5787,0
5790,0
5793,0
5794,1
5795,0
5798,0
5801,1
5803,1
5805243,1
5807,1
5817,0
5819,1
5827,0
5831,0
5834,0
5853,0
5858790,0
5859,1
5865,0
586708,1
5870,1
587128,0
5876,0
5879,1
5881,1
5883,0
5887,0
5889,0
588,0
5897,1
5902,0
5905,0
59086459,1
591200,1
5918,0
5921,0
59227,1
5922,0
5930,1
5935,0
5942,0
5943,0
5946,0
594,0
5952,1
5953,0
5954,1
5963,0
59708,0
5971,0
5974,0
59757,1
5976,0
5977,0
5978,0
597,0
5983,1
5983,0
5987,0
5988,0
5993,1
5994,1
5995,1
6001,1
60021,0
6009,0
6010,1
60149,0
60164,0
60182,1
6018,1
60196260,0
60196261,0
60196266,0
60196268,0
60196269,0
60196270,1
60196272,1
60196290,0
60196294,1
60196301,1
60196308,0
60196310,0
60196312,0
60196314,0
60196316,1
60196318,0
60196319,0
60196322,0
60196323,1
60196325,0
60196328,1
60196330,0
60196332,0
60196334,0
60196335,0
60196336,0
60196342,0
60196343,0
60196351,1
60196354,0
60196356,0
60196361,0
60196362,1
60196364,1
60196365,0
60196368,0
60196371,0
60196372,0
60196373,0
60196374,0
60196375,1
60196376,1
60196377,0
60196378,0
60196379,1
60196380,0
60196382,0
60196383,0
60196384,0
60196385,0
60196386,0
60196387,0
60196388,0
60196389,0
60196390,0
60196391,0
60196392,0
60196393,0
60196394,0
60196395,0
60196396,0
60196397,1
60196398,1
60196399,1
60196400,1
60196401,1
60196403,1
60196404,1
60196406,1
60196407,1
60196408,1
60196409,0
60196411,1
60196412,0
60196414,1
60196418,0
60196419,1
60196421,1
60196422,1
60196425,1
60196426,1
60196427,1
60196428,1
60196430,1
60196431,1
60196432,0
60196433,0
60196435,0
60196436,1
60196438,1
60196440,1
60196441,1
6019,0
6024631,1
6025,1
6028,1
6034,0
6035,0
604152,1
6043,0
60464,0
6046,0
6048,0
60490,1
6051,1
6053,1
6054,0
60560,1
60561,1
6057,0
60582,0
60605,0
6060,0
60651,0
60662,0
60699,0
60703,0
60712,1
60749,0
60751,1
60754,0
60758,1
60768,1
6076971,1
6076,0
60785,0
60795,1
60810,1
608116,1
60822,0
60834,0
60839,0
6083,0
6084,1
60854,1
60855,0
60857,0
60870,1
60871,0
60875,0
60910,0
60924,0
60934,1
60946,0
60953,0
60961,0
60962,1
60966,0
60967,1
6096946,0
60974,1
60976,0
60982,1
60988,0
60993,0
6099,1
61002,1
61005,1
61007,0
61008,1
61012,0
61014,1
61017,0
61018,0
61020,0
61031,1
61032,0
6103,0
61040,1
61041,0
610479,1
61048,0
61051,1
61055,0
61056,0
61057,0
61080,0
61082,0
6108,0
61098,1
61100,1
6112114,1
61135,0
61138,0
6113,0
61144,0
6114,0
61151,0
6115,0
61163,0
61179,0
61186,0
61196,1
612040,0
61204,1
61207,0
61209,0
61225,0
61234,0
61247,0
61249,0
6124,0
6125184,1
61253,1
6126,0
61274,0
61282,0
61285,1
61286,1
61290,0
6129,1
6129,0
612,0
61329,0
61341,0
61345,0
61346,0
6134,0
6135,1
6136,0
61410,0
61431,0
61444,0
6145,0
61503,0
6151,0
61527,0
6154037,0
61571,0
61574,1
61591,0
61594,1
61631,0
61634,0
6163,1
6163,0
61663,0
6166,1
616765,1
6167,0
61701,1
6172,0
61771,0
61812,0
61832,1
6184,0
61931,0
61948,1
61953,1
61972,0
6197,0
61982,1
62010,0
6207,0
62092,0
62097,1
62098,1
6209,0
62118,0
6211,0
6212,0
62130,1
6213,0
62142,0
6214,0
62158,0
6215,1
6216,0
62210,1
62217,1
62253,1
62276,1
62277,0
6227,0
6228,0
62299,0
62300,0
62306,1
6230,1
62311,1
62322,0
62325,0
62329,0
62334,0
62336,0
6233,1
62341,0
62347,0
6234,0
62357,1
62371,0
62374,0
6237,1
623849,1
62406,0
62411,0
6241,0
62421,0
62428,0
62430,0
62433,0
6243,0
62441,1
62445,1
62449,1
62452,0
62459,1
62465,0
62466,0
62475,0
62477,0
62478,1
62485,1
62493,0
6249,0
62500,1
6251,1
6251,0
62530,1
62531,0
6253,0
62542,1
62551,0
62553,0
62556,1
62558,1
6256,0
62572,0
62576,1
6257,0
62583,0
6258,1
62592,0
62630,1
62648,0
6264,1
62655,0
62660,1
62672,0
6269,0
6271,0
62738,1
627458,1
6276,0
6277,0
62783,0
62786,0
6278,0
6279,1
62817,1
62823,0
62829,1
62835,0
62852,0
62857,1
6285,0
62881,0
62882,0
62884,0
6288,0
62902,0
6291,1
62923,0
62935,0
6294,1
6295,1
62960,0
62969,0
63002,0
63009,1
6301,0
63047,1
6305,1
63062,1
6307,0
6317,0
6319,1
6321225,0
6321405,0
6322,0
6327109,0
6327114,0
6327116,0
6327349,0
6327366,0
6327482,0
6327594,0
6327657,1
6328152,0
6333,0
6336,1
6342,0
6344,0
6348,1
6358,1
6359,0
636396,0
636398,0
636399,1
636402,0
636411,1
6364671,1
6364,0
6365,0
6371716,1
6374,1
637520,0
637531,0
637563,0
637564,0
637566,1
637566,0
6375,0
637759,0
6377,0
637892,0
637930,1
6379,0
638015,1
638024,1
638034,1
638144,0
638186,0
6383,0
638500,1
6385,0
6389,0
6395,0
6396,0
6397,0
639970,0
6405,0
6406,1
6409,0
6410,0
641245,0
641298,0
64139,1
64142,1
6415,0
6416,0
6417,0
6418,1
6418,0
6419921,0
6419941,0
6419942,0
6419962,0
6419,0
6420010,0
6420013,0
6420033,0
6420038,0
6420039,0
6420041,0
6420071,0
6420,0
642197,0
6422843,1
6423,0
6426889,0
6427,0
6428555,0
6428,0
6432115,0
6432394,1
6433119,1
6433169,0
6433266,1
6433334,0
6433339,0
6433944,0
6434144,0
6434236,1
643460,1
6434889,1
6435335,1
6435993,0
6436079,1
6436135,1
6436605,1
6436730,0
6437380,1
6437875,0
6438130,1
643820,1
643820,0
643833,0
6438394,0
6439420,1
643991,0
6439929,1
644020,0
6440554,1
6440556,1
6440940,1
644213,1
644280,1
6442928,0
6442,0
6445007,0
6450278,1
6450551,1
6451142,1
6451155,1
6451325,1
6451,1
6454351,0
6456,1
6461,0
64647,0
6466,0
64710,0
64713,1
64722,0
64740,0
6474573,0
64764,0
6476,0
64772,0
64805,1
6480,0
6481,0
64865,1
64883,1
6488,0
6490,0
6491,0
64927,0
64947,0
64949,0
6495,0
64961,1
6497,0
6498,0
6502,0
6503,0
6504,1
65057,1
6505,1
65064,1
65067,1
6506,1
650,0
6510,0
65114,0
6514,0
6516,0
6517,0
6518,0
6525,0
65275,0
6527,1
65280,0
6528,1
6529,1
65326,0
65327,0
65329,0
6532,1
6533,1
65341,1
6534,0
6535,1
6535,0
65360,0
6536,1
6537488,0
6537489,1
6537493,0
6537498,1
6537502,0
6537503,0
6537505,0
6537,0
65394,1
65399,0
6539,1
6540478,1
6540,1
65420,0
65442,0
6544,0
65464,0
65477,0
65478,0
6547,0
65483,0
6548,0
65492,0
65495,1
65502,0
65522,0
6553885,0
6554,0
65552,1
6555,0
6557,0
65591,1
6559,0
6560,0
6561,0
65628,0
65632,0
6563,0
6564,0
656582,0
656583,0
65659,0
6565,0
656641,1
656655,0
656665,0
656667,1
656678,0
656743,1
65681,0
656829,0
656833,0
65684,0
6568,0
6569,0
65708,0
6570,0
6571,0
657220,0
657237,0
657298,0
6572,0
657302,1
657306,0
657381,0
6574,0
65758,1
6575,0
65770,0
65773,0
65776,1
6577,0
65784,0
65790,0
6579,0
6580,0
6582,0
6584,0
65854,0
6586,0
65870,1
6587,0
65889,0
6588,0
65894,0
6589,0
65909,1
6590,0
6591,0
6593,0
65947,0
65948,1
65953,1
65958,0
6597,0
6598,0
65999,1
66007,0
66011,0
6602188,0
66030,1
6603108,0
6603149,0
6603901,1
66041,0
6604495,0
6604561,0
66061,0
66062,1
66063,0
66064,0
66067,0
66068,0
66069,0
6607,1
66094,1
660,0
6610,1
66133,0
66166,1
6616,0
66172,0
66187,0
6618,1
6619,1
6620,1
6621,0
6623,1
66245,0
66247,0
6624,1
66264,0
6626,0
6627,1
66280,0
6629,1
66308,0
66320,0
6633,1
66357,1
6635,1
6636,1
6637,0
6641,1
6643,1
6645,0
66461,1
66491,0
6649,1
6650,0
6654,0
66569,0
66571,1
66573,0
6658,0
66597,1
66609,1
66623,0
6662,0
66636,1
66638,0
666418,0
66678,1
66679,0
6668,0
6669,0
6672,0
66743,0
667466,0
667476,1
667490,1
667493,0
667497,0
6674,0
66755,0
66760,0
6678,0
6681,0
66826,0
6683,1
66854,1
66858,1
66885,0
6688,0
66909,0
66912,0
66932,1
6693,0
6694,1
66991,0
66,0
67000,0
6702,1
67045,0
67054,1
67058,0
67060,0
67065,1
6708701,0
67114,0
67123,0
67151,0
671690,0
67172,1
6719,1
671,1
6720,0
67215,1
67236,1
67271,1
67274,1
67277,1
67284,1
67285,0
67299,1
6730,1
67313,0
67322,0
67329,1
6732,1
6733,1
67349,1
6734,0
67350,1
6736,0
6737,0
6738,0
6739,0
67406,0
6740,0
67437,0
6749,1
674,0
67533,0
67535,0
67542,1
67579,0
67589,1
6758,1
676166,1
676454,1
676454,0
6766,1
67678,0
6772,1
6773,1
6777,1
6778,1
6780,0
67818,1
67821,1
6782,1
6785,1
6786,1
6787,1
6788,0
67955,0
67967,0
6796,0
6799,1
679,1
6800,0
68023,0
6809,0
6810,0
68119,0
6811,0
6815,1
68186,0
6818,1
68191,0
6819,1
681,0
68226,0
68289,1
6828,1
68297,1
6829,1
68304,1
68310,0
68313,0
6837,1
68385,0
6838,1
6839,0
6849,0
6850780,0
6850837,0
6852391,0
6852406,0
68526,0
6853,1
6853,0
68549,0
6854,0
6855,0
68570,1
68570,0
6857648,1
68589,1
68610,0
6861,0
68624,0
68626,0
6862,0
68651,0
6866,0
6867,1
6868,1
68706,1
68712,0
68713,0
6871,0
6872,1
6873,0
68770,0
6877,0
688145,0
6881,1
688272,0
68835,0
6883,0
68841,0
68844,0
68848,0
688561,0
688576,0
6885,0
68862,0
68865,0
68888,0
68907,0
68909,1
68933,0
68939,1
68943,1
6895,0
6896,0
6899,0
6901,0
69026,0
6904,0
6905,0
69091,1
6909,0
69111,0
6912870,1
6914152,1
69144,0
6914,1
69150,0
6915,0
6916,0
6917728,0
6917754,0
6917787,0
6917941,0
6917959,0
6917,0
6918106,0
6918126,1
6918132,0
6918222,0
6918303,0
6918305,0
6918454,1
6918493,0
6918686,0
69188,0
6919,0
6921,0
69229,1
6923,0
6924,0
69275,0
6927,1
6928,1
6929,1
69301,0
69311,0
6931391,0
6931,1
6934,1
6935,1
6936,1
6937,1
69413,0
6942,0
6944,0
6945,0
6946,0
6947,0
69484,0
6948,1
69508,0
6950,1
6950,0
6951,1
69537,0
69550,0
69594,0
69619,0
6961,0
69627,0
6962,0
6966,0
69685,0
69705,1
69722,0
6974,0
69765,1
69779,1
6977,0
69785,1
6978,0
697993,1
6979,0
6982,1
6983,0
69885,0
69908,1
69912,1
6991,0
69925,1
6993580,0
6996,0
6997371,0
6997,1
69985,0
6998,0
6999030,0
69990,0
6999977,0
7000,0
70014,0
7002,0
70038,1
7003,0
7005,1
700999,1
700,1
70129,0
7013,1
70151,0
7015,1
7016,0
7017,1
7018,1
701,0
7020,1
70213,0
70223,0
7022,1
70248,0
70262,0
7026,0
7027,0
702,0
70308,0
70315,0
7031,1
70324,0
70355,1
70374,0
70400,1
70414,1
7041,1
70425,1
7042,0
70438,0
7043,0
7044,0
70452,0
7045,0
7046,1
7047,0
7048,0
7050,0
7054,0
7055,0
70569,0
7056,0
7057995,0
7057,1
7060,0
7061,1
7061,0
7064,0
7066,0
70671,0
7069,0
70700,0
707035,0
7070,1
7071,1
70724,0
70754,0
70755,0
70763,0
7076,1
7078,0
70807,0
70811,1
70837,1
7083,1
70882,1
7090,1
70912,0
70914,0
70917,1
7092,0
7094,0
7095,0
70962,0
7096,0
7098,1
71012,0
71027,1
7102,1
7103,1
7104,1
71080,0
7108,0
7111,1
71128,1
7112,0
71137,1
7113,1
71157,0
7115,0
7116,1
71172,0
71186,0
71188,0
7119,0
71208,0
7120,1
7122,0
71245,1
71267,0
71277,0
71285,0
7128,1
712,0
71310,1
71311204,0
71311389,0
71321,0
71329,0
71335,0
71346,0
71353,1
71384,0
713,0
71401,0
71412,0
71413,0
71417,0
71424,0
7142,0
7144,0
71454,1
71467,0
7146,1
71478,1
71482,1
71484,0
71485,0
71489,0
7148,0
7149,0
7150,0
71518,0
7151,0
7153,1
7153,0
7155,0
71577,0
71580,0
71587,0
7158,1
71593,0
71611,0
71612,1
71616,1
71622,1
71643,0
71645,1
71648,0
71651,0
7165,0
71668,0
7166,1
7167,0
71693,1
7169,0
7170,1
71717,1
7172,0
7173,1
71750,1
7175,0
71764,0
71768,1
7176,1
71771,1
71773,0
71777,1
71793,0
71808,0
71809,0
7180,1
71815,0
71821,1
71833,0
71837,0
7183,0
7184,1
7185,1
71873,0
7187,0
7188,1
71894,1
71895,0
71900,0
71905,0
71916,0
7192,1
7193,0
7194,1
71967,1
7198,0
71992,0
72004,0
72016,0
72026,1
7203,1
72060,0
7206,1
72075,0
72092,1
72098,1
72106,1
7211,0
72124,0
7212,0
72137,0
72146,0
7216,1
72179,0
72187522,0
72187524,0
72187526,0
72187527,0
72187528,0
7220,0
7222,0
72276,0
7230,1
7231,1
72327,0
7232,1
7237,0
7239,0
7240,0
72416,1
7242,1
7244,0
7245,0
7247,0
7249,0
7251,1
7254,0
7255,1
7257,1
7258,0
7261,1
7262,0
7263,1
7264,1
7265,1
7267,0
7268,0
7269,0
72700,1
7270,0
7271,0
727200,1
7272,0
7274,0
7275,0
7276,1
7276,0
727,1
7280,0
7281,0
7284,0
7285,0
72884,0
7288,0
7289,0
7290,0
72913,0
7291,0
72924,0
7292,0
7293,0
7294,0
7296,1
7298,0
72,1
7301,0
7302,0
7303,0
7304,0
7308,1
73093,0
7309,1
7311,1
7313,0
7314,0
7319,0
7321,0
7327,1
73281,0
73282,0
7328,1
7329,1
73303,1
7331,1
73339,0
7333,0
7335,0
7337,0
7338,1
7340,1
7341,1
7343,0
7344,0
7346,0
7347,1
7348,1
7352,0
73539,0
7354,0
7355,0
7358,0
7359,0
7361,1
7361,0
7362,0
736366,0
7363,1
73665,1
73668,1
73670,0
73672,1
73674,0
73675,1
7367,0
7368,0
7369,0
7371,0
7375,0
73764,0
73773,1
73791,0
7381,1
73828,0
73848,1
73851,1
73852,0
73854,1
7385,0
73864,1
7386,0
7389,0
7390,0
73917,0
7391,0
7392,0
7393,1
7394,0
7395,0
7400,0
7403,0
7405,0
74062,1
7406,0
7407,0
74080,0
7409,0
7410,0
7411,0
7415,0
7416,0
74189,1
7418,0
74195,0
7421,1
7422,0
74236,0
74266,0
7426,0
74282,0
7430,0
74325,0
74348,0
7436,0
7438,0
7439,0
743,1
743,0
7440,0
7441,1
74448,1
7447,1
74483,1
7449,0
7450,0
7455,0
74563,0
7456,0
74574,0
7460,1
7461,0
7462,1
7463,0
74651,1
74695,0
7469,0
7470,0
74710,0
7471,0
7472,1
7473,0
74745,0
7474,0
7475,1
74791,0
7479,1
74828,0
7482,0
74867,1
7486,0
74879,0
7487,0
74887,0
7488,0
7489,0
7490,1
7492,1
74937,1
7494,0
7495,1
74978,1
7497,0
7498,0
74990,0
7499,0
7500,0
75018,0
7501,0
7502,0
7503,0
7504,0
75050,0
7505,0
75066,0
7506,0
7508,0
7509,1
750,0
75103,0
7510,0
7511,1
75146,1
7516,1
75171,0
7517,0
75194,1
7521,0
75227,0
7522,0
7527,0
75282,0
7529,0
75311,0
7531,0
7533,1
7533,0
75345,0
75360,0
753,0
7540,0
75421,1
75430,0
7543,1
75444,1
75454,1
75471,0
75472,0
7547,1
75494,0
75498,0
7550,0
75516,0
7551,1
75547,1
75557,1
7555,1
75575,1
7557,0
75588,0
7560,0
75628,1
7563,1
7564,1
75654,1
7567,1
75706,0
7570,1
7571,1
7573,1
75771,0
7577,1
7577,0
7578,1
7579,1
757,0
75819,0
75821,0
7582,0
7583,0
7585,1
75868,1
7586,1
75893,0
7589,1
75903,1
7594,1
7594,0
7595,1
75969,0
75982,0
76004,0
76013,1
7601,1
76063,0
76079,0
7607,1
76092,0
7610,1
7611,0
7612,0
7615,0
7618,0
76191,0
76192,0
7619,1
7622,1
7623,1
7624,0
76262,0
7626,1
7628,0
76302,1
7632,0
7635,0
7636,0
76382,0
7638,1
7641,1
7642,1
7642,0
7644,0
76464,0
7646,0
7647,0
7648,1
76497,1
7650,0
7651,0
7652,1
76564,0
7656,1
76583,1
7658,0
7659,1
76621,0
7663,1
7666,0
76674,0
7668,0
76716,1
7671,0
7673,1
76748,1
7675,0
76767,1
7677,0
7681,0
7684,0
76857,1
76921,0
7693,1
7694,1
7695,0
7696,1
76980,0
76985,0
76991,1
7699,1
7703,1
7703,0
7704,0
7705,0
7707,1
7710,1
77117,0
7713,1
7716,0
7719,0
7720,0
77210,0
77222,1
7722,0
7725,0
7726,0
77287,0
77288,0
7728,0
77290,0
77311,0
7731,0
77328,1
77342,0
7734,0
77353,0
7735,0
77378,0
7737,0
7738,0
7742,0
7745,0
77463,0
7746,0
7747,0
77487,0
7749,0
774,0
7751,0
77531,0
77547,0
7756,0
7757,0
7761,0
7762,1
7765,0
7766,0
7767,0
77680,0
7768,0
77703,0
77720,0
77721,0
77780,0
77781,0
7778,1
77797,1
7784,1
7789,0
7790,1
779179,0
7791,0
77929,0
7794,0
77956,0
7795,0
7797,1
7798,0
77990,0
77993,1
77999,0
7799,0
7804,0
7805,0
7807,1
78091,0
7809,0
7810,1
7811,1
7812,1
78138,1
7814,1
78170,1
7818,0
7819,0
7820,0
78212,1
7822,0
7823,1
7825,0
7833,0
7834,0
7835,0
78361,0
7837,0
7838,0
7839,0
7840,0
7841,0
78452,0
7847,0
78490,0
7849,0
78501,0
7850,0
7854,0
7855,0
7858,0
7859,0
7860,0
78640,0
7864,0
7865,0
7868,0
7869,0
7870,0
78738,0
7873,0
78766,0
78771,1
7877,0
78860,0
78882,0
78950,0
7895,0
7896,0
78972,0
7899,0
7900,0
79016,0
7902,0
7903,0
7904,0
79050,1
79081,0
7908,0
7909,0
79103,0
7910,1
7910,0
7912,0
7913,0
7914,0
79154,0
7915,0
7916,0
7918,0
791,0
7921,0
7922,0
7923,0
79242,1
7924,0
7929,0
79302,0
7931,0
7932,1
7932,0
7933,0
7934,1
79358,0
7937,0
7940,1
79414,0
7943,0
7944,0
7945,0
7946,0
79472,1
7947,0
7948,0
7949,1
7950,0
7952,0
7954,0
7955,0
7956,0
79571,1
7957,0
7958,0
7961,0
7962,0
79633,1
79635,0
7963,0
7964,0
7965,0
7966,0
7967,0
79688,1
7969,1
7970,0
79717,1
7972,0
7973,0
7976,0
7977,0
7979,1
7980,1
7984,0
7985,0
7986,1
79878,1
798,1
798,0
7991,0
7992,0
7993,0
7996,0
7997,0
8001,0
80037,1
8003,0
8004,0
80077,0
8010,1
8011,0
8012,0
8016,0
8017,0
8019,0
8021,0
80274,0
80277,1
80278,0
8027,0
80289,0
8028,0
80296,0
8029,0
802,1
802,0
8030,0
80311,0
8031,0
8033,0
8034,0
8035,0
80365,0
80373,0
8037,0
8038,0
8039,1
803,1
80428,0
8042,0
80434,1
8046,1
80480,0
8048,0
8049,1
8050,0
80519,0
8051,0
8053,0
80566,0
8056,0
8057,0
8058,0
80599,0
8061,0
8062,0
8063,1
80642,0
8064,0
8066,0
8069,0
8072,0
8074,0
8076,0
80777,1
80786,1
8078,0
80790,0
807,1
8080,0
8081,0
8082,0
8083,0
8084,0
8085,0
8086,1
8086,0
8087,0
8089,0
80900,0
8091,0
8092,1
8094,0
8096,0
8097,0
8098,0
8100,0
8101,0
8102,0
8103,0
8105,0
8106,0
81080,1
8108,0
8110,0
8111,0
8112,0
81133,0
8115,0
8117,0
81184,0
8119,0
811,0
81207,0
8121,0
81239,0
81259,1
8125,0
81263,1
81278,0
8127,0
81284,1
8128,0
8129,0
81313,0
8133,0
81346,1
81349,0
81364,0
8137,0
8139,0
8140,0
81410,0
8141,0
8142,0
8143,0
8144,0
8146,0
8147,0
8148,0
8150,0
8151,0
8152,0
81530,1
81530,0
8154,0
8155,1
8158,1
8159,0
8160,0
81629,0
8163,0
8164,0
8165,0
81669,0
8167,0
8168,0
8170,0
8171,0
8172,0
8173,0
8174,0
81766,0
8177,0
81784,0
8178,0
8179,0
81811,1
8181,0
8182,0
8183,0
8186,0
8187,1
81882,0
8192,0
8193,1
8193,0
8195,0
8196,0
8197,0
81984,0
8199,0
8200,0
82056,1
82058,0
8205,0
8208,0
8209,0
8210,0
8211,0
8213,0
82146,1
82148,1
82153,0
82167,1
82170,0
8217,0
82190,0
8221,0
82261,1
8227,1
8228,0
82325,1
82326,0
82343,1
8246,0
8247,1
8256,1
8257,0
8258,0
8262,0
82646,1
8265,0
8266,0
8268,1
8269,1
82728,0
8272,1
8282,0
8285,0
8288,0
8289,1
82916,0
8292,1
8293,1
8294,1
8294,0
8298,0
8303,0
8304,0
83050,0
8305,1
83063,0
83064,0
8307,0
83119,1
8313,0
8314,0
83201,0
83268,0
8326,0
83270,0
833466,1
8341,1
8342,1
8343,1
8345,1
8346,1
8348,1
83511,1
8354,0
83572,0
8359,0
8360,0
8361,1
8362,1
8362,0
8363,1
83648,1
8364,0
8365,0
8368,0
8370,0
8371,1
8372,0
8373,0
83823,0
8385,0
8390,1
8391,0
8394,0
83969,0
83975,1
8398,1
8400,0
8404,0
8405,0
8407,1
84088,0
84098,1
8411,1
8413,1
8419,0
8420,0
84253,0
8425,1
8427,1
8428,1
8432,0
8433,1
8434,0
8437,1
8439,0
8441,1
8441,0
8442,1
8443,0
8446,0
8447,1
8449,0
8452,0
8453,0
8454,0
8455,1
8456,1
8458,1
8462,0
84677,1
8467,0
84703,0
8472,0
84733,1
8478,1
8478,0
8480,0
8481,0
8482,0
8486,1
84872,0
8488,0
8489,0
8491,0
8492,0
8494,0
8495,0
8496,0
8497,0
8499,0
8500,0
8502,0
8507,1
85192,1
8520,0
8530,1
85335,1
854019,0
854026,0
8540,1
8549,0
85505,1
8553,0
8554,0
85557,0
85576,0
8559,1
8560,1
8561,1
85624,0
8567,0
85689,0
8569,1
8570,1
8571,0
8572,1
8573,0
85821,1
8588,1
8593,1
8594,1
85979,1
85983,0
86013,1
86015,1
8606,1
8607,1
8609,1
86102,1
86132,1
86137,1
86138,1
8614,0
8615,1
86171,1
86173,1
8617,0
86210,1
86211,1
8621,0
86222,1
86233,1
86287517,0
86287518,0
86287519,0
86287520,0
86287521,1
86287525,1
86296,1
86298,1
86302,0
8633,1
86354,1
86356,0
86367,1
86369,1
86398,1
863,0
8640,1
86412,1
86429,1
86472,0
864,0
8651,0
8652,1
8653,1
8657,0
8658,0
8663,0
8667,0
86736,0
8673,0
86749,0
8679,1
867,0
8680,0
8689,1
8691,1
8693,1
8697,1
8697,0
8698,0
87019,1
87048,0
8705,0
8706,0
8712,1
87154,0
8715,1
8717,1
8722,1
8723,0
87244,1
87244,0
87250,1
87293,0
87323,1
8732,0
87367,0
8736,0
8738,0
87391,1
8739,0
8748,0
8749,1
8753,1
8755,1
87587,0
8758,0
875,0
8765,1
8766,0
8769,0
87820,0
8783,0
8785,0
8794,0
8795,0
8797,0
87984,1
8800,0
88022,0
88043,0
88045,0
8805,1
88069,0
8809,0
880,0
8813,0
8814,1
8815,0
8816,1
8819,0
88209,0
8820,0
88211,0
8821,0
88267,0
8827,0
8831,1
8834,1
8835,1
88365,0
8836,1
8840,1
8842,0
8843,1
8843,0
88454,0
8846,0
8855,0
8857,0
8858,0
8864,0
8868,0
8870,1
8871,0
8872,0
8878,0
887,0
8881,0
8882,0
88836,1
8883,0
8888,1
88898,1
8892,0
8893,0
8896,0
8897,0
8900,0
8902,0
8906,0
8907,0
8908,0
8909,0
8918,0
8919,0
8923,0
8924,0
8925,0
8926,0
892,0
89385,0
89440,1
8946,1
89594,0
8969,0
896,1
89785,0
89805,0
8980,0
8981,1
89953,0
90004,1
9001,0
9005,0
9007,0
90098,0
9009,0
9013,0
9015,0
9016,0
90235,0
9024,0
90255,0
90258,0
9025,0
90263,0
90462,1
9046,1
90479,1
9047,0
904857,0
904,0
90509,0
9051,1
90551,0
90558,0
90571,1
90592,1
9060,0
90613,0
9074,1
90818,0
90960,0
9117,0
91273,0
91274,0
9128,0
91333,0
91410,0
91442,0
91453,0
91511,1
91538,0
9153,0
9154,0
91550,0
91555,0
9158,0
91590,1
91593,1
91604,1
91610,1
9161,0
91620,1
91649,1
9164,0
91655,1
91656,1
91664,1
91670,1
91673,1
91677,0
91683,1
91688,1
91692,1
91693,1
91697,1
91699,1
91707,1
9171,0
91727,1
91731,1
91739,1
91741,1
91742,0
91744,1
91747,1
91749,0
91753,1
91754,1
91757,1
91758,1
91759529,0
91759530,0
91759531,0
91759532,0
91759533,1
91759534,1
91759,1
91766,1
91768,1
91770,0
91771,1
91773,1
91776,1
91778,1
91779,1
91783,0
91805,0
91822,0
919792,0
92041,0
9207,0
92140,1
92151,0
92159,0
92163,0
9216,0
92238,1
9223,1
92251,0
92278,0
92292,0
92299,1
92363,0
9237,0
92387,1
92425,1
92431,1
9246,0
9253,0
9261,0
92667,0
9268,0
9270,1
92727,1
9274,1
9275,1
9279,0
92806,0
92821,0
92822,0
92831,0
92839,0
92855,0
92873,1
92874,0
92876,0
92884,0
92888,0
929262,1
92938,0
92965,0
92968,0
9298,1
93009,0
9300,1
93011,0
9302,0
93055,1
9305,1
93079,0
93098,1
93118,1
93162,1
93176,0
931,0
9324,1
93252,1
93312,1
93335,1
9335,0
93365,1
93375,0
93379,1
93502,1
93516,1
9351,1
9351,0
93528,1
9352,0
93541,1
93542,1
93550,0
93573,0
9363,0
936,0
9373,0
9376,0
9380,0
93858,0
9386,0
938,0
9395,1
94037,1
9403,1
941361,1
9414,0
9415,0
94232,0
94294,0
94308,0
94314,0
94355,0
94398,1
94411,0
9443,0
9444,0
9445,1
94483,0
94544,1
9454,1
9462,1
94684,1
9473,1
9476,0
94785,0
9481,0
9483,0
94866,0
949,0
9500,0
9502,1
9507,0
9509,0
95116,0
95170,1
9526,0
95337,1
95392,0
95416,1
95428,0
9552071,0
9552079,1
9554,1
9555,1
9556529,1
9561033,0
9562059,1
9564,0
9567,1
9568077,0
9568078,1
9568512,0
9568700,0
9568,0
9570093,0
9570290,1
9570327,1
9571009,0
9571016,1
95717,1
9574235,1
9576412,1
9578572,1
9578,0
957,0
9588170,0
9589,0
9601227,1
96088,1
9609,0
96132,0
96170,0
96350,0
96359,1
9635,0
96387,0
96393,0
96430,0
96509,0
9677,1
967,0
9690,1
969472,0
969494,0
969516,1
97004,0
9707,0
9709,0
970,0
9719,1
971,0
9731,0
9740,0
97780,1
9782,0
9786,1
9787,1
978,0
9794197,0
9794,0
9795,0
97971,1
9797360,0
9799979,1
9801235,1
9802545,0
9809,1
980,0
9810771,1
9811353,0
9818306,0
9819350,1
98282,1
9828356,0
9831581,1
98356,1
9842616,1
9843744,1
9849425,0
9849616,1
9850056,1
9853654,0
9855795,1
985,0
98613,1
9861780,0
9862076,1
9862176,0
9862,0
9864,0
9865233,1
9865514,1
9865929,1
9865,0
9866250,1
9867257,1
9867605,0
9868041,0
9869105,1
9869142,0
98723,0
9873,0
9878,1
9880,1
9882837,1
9883104,0
9885850,1
9888276,1
9889168,1
9895468,1
9899402,0
99016,1
9903,0
9904,0
9908126,1
9909677,1
9910393,1
991,1
9920342,1
9926621,1
9927058,1
9928181,0
992,1
9931156,1
9932000,0
9934458,1
9935274,1
9936739,1
9948,0
9949821,1
9954540,1
9956127,1
9956,0
9958,0
9959038,1
9963,1
996,0
997,0
9983292,0
9984487,1
9985,0
998,1
9993,0
99953,1
999,0
